class	test	seconds
test_vir_prettym_site	test_published_bundles_and_urls	0.005
test_vir_prettym_lifecycle	test_loading_notification_publishes_current_promise_before_reentrant_action[chromium-terminal]	1.829
test_vir_prettym_site	test_same_wrapper_native_corpus[chromium-root]	1.932
test_vir_prettym_lifecycle	test_loading_notification_publishes_current_promise_before_reentrant_action[chromium-persisted]	0.435
test_vir_prettym_site	test_same_wrapper_native_corpus[chromium-nested]	0.439
test_vir_prettym_lifecycle	test_slow_creation_keeps_navigation_and_latest_selection_usable[chromium]	0.598
test_vir_prettym_site	test_published_host_call_and_lifecycle[chromium]	0.506
test_vir_prettym_lifecycle	test_readiness_does_not_restore_a_cleared_selection[chromium]	0.431
test_vir_prettym_site	test_default_panel_reflows_with_wasm[chromium]	0.539
test_vir_prettym_lifecycle	test_failure_has_explicit_retry_and_renders_current_document[chromium]	0.512
test_vir_prettym_site	test_independent_deck_uses_published_runtime[chromium]	0.282
test_vir_prettym_presentation	test_complete_native_segments_tags_classes_and_bindings_in_dom[chromium]	0.308
test_vir_prettym_lifecycle	test_pending_retry_cancels_old_acquisition_without_stale_updates[chromium]	0.446
test_vir_prettym_presentation	test_annotation_escaping_and_exact_decimal_tags[chromium]	0.293
test_vir_prettym_lifecycle	test_ready_retry_disposes_old_instance_and_preserves_pagehide_ownership[chromium]	0.51
test_vir_prettym_presentation	test_shared_goal_binding_interaction_uses_escaped_selector[chromium]	0.463
test_panel.TestPanelStructure	test_panel_wrapper_exists[chromium]	0.28
test_vir_prettym_presentation	test_rejected_format_is_visible_without_static_layout_substitution_or_probe_retention[chromium]	0.452
test_panel.TestPanelStructure	test_no_panel_flag[chromium]	0.291
test_vir_prettym_presentation	test_panel_font_metric_change_reflows_current_format[chromium]	0.453
test_panel.TestPanelStructure	test_panel_option_default[chromium]	0.24
test_panel.TestPanelStructure	test_panel_starts_empty[chromium]	0.28
test_vir_prettym_lifecycle	test_loading_notification_publishes_current_promise_before_reentrant_action[chromium-retry]	0.306
test_panel.TestTacticReflow	test_tactic_goals_reflow_on_resize[chromium]	1.368
test_panel.TestNestedTacticState	test_obtain_tactics_show_own_states[chromium]	0.804
test_panel.TestNestedTacticState	test_nested_rw_shows_own_state[chromium]	0.694
test_lightbox.TestLightboxThemeColors	test_dark_slide_background_not_black[chromium]	0.943
test_panel.TestNestedTacticState	test_rw_click_sequence_reveals_distinct_states[chromium]	1.444
test_lightbox.TestLightboxThemeColors	test_light_slide_copies_light_bg_class[chromium]	0.923
test_panel.TestPanelInteraction	test_click_populates_panel[chromium]	0.43
test_lightbox.TestLightboxThemeColors	test_light_slide_token_palette_applied[chromium]	0.959
test_panel.TestPanelInteraction	test_click_adds_panel_focus[chromium]	0.717
test_lightbox.TestTippySuppression	test_no_tippy_on_inline_code[chromium]	0.889
test_panel.TestPanelInteraction	test_binding_highlight[chromium]	0.74
test_lightbox.TestLightboxSharedFormatter	test_pending_signature_reflows_after_current_readiness[chromium]	0.48
test_vir_prettym_geometry	test_measured_panel_geometry_matches_native_at_narrow_and_wide_viewports[chromium-dark]	1.395
test_lightbox.TestLightboxSharedFormatter	test_signature_reflows_with_shared_measurement_on_resize[chromium]	0.518
test_lightbox.TestLightboxOpen	test_click_inline_token_opens_lightbox[chromium]	0.92
test_vir_prettym_geometry	test_measured_panel_geometry_matches_native_at_narrow_and_wide_viewports[chromium-light]	1.39
test_lightbox.TestLightboxOpen	test_lightbox_has_content[chromium]	0.83
test_lightbox.TestLightboxOpen	test_lightbox_monospace_font[chromium]	0.826
test_vir_prettym_geometry	test_actual_delayed_font_download_reflows_current_native_layout[chromium]	0.531
test_vir_prettym_geometry	test_repeated_formatting_reflow_and_retry_retention[chromium]	1.067
test_lightbox.TestLightboxClose	test_escape_closes_lightbox[chromium]	1.147
test_lightbox.TestLightboxClose	test_escape_does_not_toggle_overview[chromium]	1.331
test_vir_prettym_site	test_same_wrapper_native_corpus[firefox-root]	1.619
test_lightbox.TestLightboxClose	test_backdrop_click_closes_lightbox[chromium]	1.172
test_vir_prettym_site	test_same_wrapper_native_corpus[firefox-nested]	0.54
test_vir_prettym_site	test_published_host_call_and_lifecycle[firefox]	0.858
test_lightbox.TestLightboxClose	test_slide_change_closes_lightbox[chromium]	1.35
test_vir_prettym_site	test_default_panel_reflows_with_wasm[firefox]	0.768
test_vir_prettym_site	test_independent_deck_uses_published_runtime[firefox]	0.503
test_lightbox.TestLightboxSizing	test_lightbox_width[chromium]	0.799
test_vir_prettym_presentation	test_complete_native_segments_tags_classes_and_bindings_in_dom[firefox]	0.484
test_lightbox.TestLightboxSizing	test_lightbox_scrollable_when_tall[chromium]	0.852
test_vir_prettym_presentation	test_annotation_escaping_and_exact_decimal_tags[firefox]	0.475
test_vir_prettym_presentation	test_shared_goal_binding_interaction_uses_escaped_selector[firefox]	0.732
test_lightbox.TestLightboxThemeColors	test_dark_slide_no_light_bg_class[chromium]	0.827
test_vir_prettym_presentation	test_rejected_format_is_visible_without_static_layout_substitution_or_probe_retention[firefox]	0.796
test_vir_prettym_presentation	test_panel_font_metric_change_reflows_current_format[firefox]	0.748
test_vir_prettym_lifecycle	test_failure_has_explicit_retry_and_renders_current_document[firefox]	2.068
test_vir_prettym_lifecycle	test_loading_notification_publishes_current_promise_before_reentrant_action[firefox-retry]	0.531
test_vir_prettym_lifecycle	test_loading_notification_publishes_current_promise_before_reentrant_action[firefox-terminal]	0.478
test_vir_prettym_lifecycle	test_loading_notification_publishes_current_promise_before_reentrant_action[firefox-persisted]	0.487
test_vir_prettym_lifecycle	test_pending_retry_cancels_old_acquisition_without_stale_updates[firefox]	0.739
test_vir_prettym_lifecycle	test_slow_creation_keeps_navigation_and_latest_selection_usable[firefox]	0.739
test_vir_prettym_lifecycle	test_ready_retry_disposes_old_instance_and_preserves_pagehide_ownership[firefox]	0.759
test_vir_prettym_lifecycle	test_readiness_does_not_restore_a_cleared_selection[firefox]	0.644
test_panel.TestPanelStructure	test_panel_wrapper_exists[firefox]	0.487
test_panel.TestTacticReflow	test_tactic_goals_reflow_on_resize[firefox]	1.621
test_panel.TestPanelStructure	test_no_panel_flag[firefox]	0.485
test_panel.TestPanelStructure	test_panel_option_default[firefox]	0.415
test_panel.TestPanelStructure	test_panel_starts_empty[firefox]	0.451
test_panel.TestPanelInteraction	test_binding_highlight[firefox]	0.998
test_panel.TestNestedTacticState	test_obtain_tactics_show_own_states[firefox]	1.115
test_lightbox.TestLightboxSharedFormatter	test_pending_signature_reflows_after_current_readiness[firefox]	0.82
test_panel.TestNestedTacticState	test_nested_rw_shows_own_state[firefox]	0.88
test_lightbox.TestLightboxSharedFormatter	test_signature_reflows_with_shared_measurement_on_resize[firefox]	0.633
test_panel.TestNestedTacticState	test_rw_click_sequence_reveals_distinct_states[firefox]	1.644
test_lightbox.TestLightboxOpen	test_click_inline_token_opens_lightbox[firefox]	1.05
test_lightbox.TestLightboxOpen	test_lightbox_has_content[firefox]	1.025
test_panel.TestPanelInteraction	test_click_populates_panel[firefox]	0.52
test_panel.TestPanelInteraction	test_click_adds_panel_focus[firefox]	0.801
test_lightbox.TestLightboxOpen	test_lightbox_monospace_font[firefox]	1.069
test_lightbox.TestLightboxClose	test_escape_does_not_toggle_overview[firefox]	1.528
test_lightbox.TestLightboxClose	test_escape_closes_lightbox[firefox]	1.358
test_lightbox.TestLightboxClose	test_backdrop_click_closes_lightbox[firefox]	1.451
test_lightbox.TestLightboxClose	test_slide_change_closes_lightbox[firefox]	1.587
test_lightbox.TestLightboxSizing	test_lightbox_scrollable_when_tall[firefox]	1.105
test_lightbox.TestLightboxSizing	test_lightbox_width[firefox]	1.036
test_lightbox.TestLightboxThemeColors	test_dark_slide_no_light_bg_class[firefox]	1.016
test_lightbox.TestLightboxThemeColors	test_dark_slide_background_not_black[firefox]	1.038
test_lightbox.TestLightboxThemeColors	test_light_slide_copies_light_bg_class[firefox]	1.036
test_lightbox.TestLightboxThemeColors	test_light_slide_token_palette_applied[firefox]	1.046
test_lightbox.TestTippySuppression	test_no_tippy_on_inline_code[firefox]	1.02
test_vir_prettym_geometry	test_measured_panel_geometry_matches_native_at_narrow_and_wide_viewports[firefox-dark]	2.198
test_vir_prettym_geometry	test_measured_panel_geometry_matches_native_at_narrow_and_wide_viewports[firefox-light]	2.207
test_vir_prettym_geometry	test_actual_delayed_font_download_reflows_current_native_layout[firefox]	0.877
test_vir_prettym_geometry	test_repeated_formatting_reflow_and_retry_retention[firefox]	2.18
test_vir_prettym_presentation	test_published_formatter_has_one_mandatory_path	0.539
