browser,version,light,viewportWidth,viewportHeight,codeRatio,case,columns,width,postLayoutWidth,visibleWidth,space,extent,largestAtom,probes
chromium,145.0.7632.6,False,480,812,0.82,group,7,103.08838786166379,103.08838786166379,103.02597729351945,13.86767025970712,69.3384781025759,69.51805114746094,0
chromium,145.0.7632.6,False,480,812,0.82,fill,7,103.08838786166379,180.24889999439884,103.02597729351945,13.86767025970712,180.24889999439884,180.74693298339844,0
chromium,145.0.7632.6,False,480,812,0.82,Greek tags,7,103.08838786166379,103.08838786166379,103.02597729351945,13.86767025970712,27.735403921434393,27.807220458984375,0
chromium,145.0.7632.6,False,480,812,0.82,supplementary hard lines,7,103.08838786166379,103.08838786166379,103.02597729351945,13.86767025970712,28.91962685382839,29,0
chromium,145.0.7632.6,False,800,600,0.65,group,18,257.8834722106521,257.8834722106521,257.8839818918924,13.915139072176753,153.05087953768003,69.51805114746094,0
chromium,145.0.7632.6,False,800,600,0.65,fill,18,257.8834722106521,257.8834722106521,257.8839818918924,13.915139072176753,180.8655074257693,180.74693298339844,0
chromium,145.0.7632.6,False,800,600,0.65,Greek tags,18,257.8834722106521,257.8834722106521,257.8839818918924,13.915139072176753,111.32111257741403,27.807220458984375,0
chromium,145.0.7632.6,False,800,600,0.65,supplementary hard lines,18,257.8834722106521,257.8834722106521,257.8839818918924,13.915139072176753,29.018476137020283,29,0
chromium,145.0.7632.6,False,1280,720,0.5,group,28,393.9218437364871,393.9218437364871,393.91059833155975,13.906269775831253,152.95314360153492,69.51805114746094,0
chromium,145.0.7632.6,False,1280,720,0.5,fill,28,393.9218437364871,393.9218437364871,393.91059833155975,13.906269775831253,361.50008931459763,180.74693298339844,0
chromium,145.0.7632.6,False,1280,720,0.5,Greek tags,28,393.9218437364871,393.9218437364871,393.91059833155975,13.906269775831253,111.25003458217651,27.807220458984375,0
chromium,145.0.7632.6,False,1280,720,0.5,supplementary hard lines,28,393.9218437364871,393.9218437364871,393.91059833155975,13.906269775831253,29.00001443193193,29,0
chromium,145.0.7632.6,True,480,812,0.82,group,7,103.08838786166379,103.08838786166379,103.02597729351945,13.86767025970712,69.3384781025759,69.51805114746094,0
chromium,145.0.7632.6,True,480,812,0.82,fill,7,103.08838786166379,180.24889999439884,103.02597729351945,13.86767025970712,180.24889999439884,180.74693298339844,0
chromium,145.0.7632.6,True,480,812,0.82,Greek tags,7,103.08838786166379,103.08838786166379,103.02597729351945,13.86767025970712,27.735403921434393,27.807220458984375,0
chromium,145.0.7632.6,True,480,812,0.82,supplementary hard lines,7,103.08838786166379,103.08838786166379,103.02597729351945,13.86767025970712,28.91962685382839,29,0
chromium,145.0.7632.6,True,800,600,0.65,group,18,257.8834722106521,257.8834722106521,257.8839818918924,13.915139072176753,153.05087953768003,69.51805114746094,0
chromium,145.0.7632.6,True,800,600,0.65,fill,18,257.8834722106521,257.8834722106521,257.8839818918924,13.915139072176753,180.8655074257693,180.74693298339844,0
chromium,145.0.7632.6,True,800,600,0.65,Greek tags,18,257.8834722106521,257.8834722106521,257.8839818918924,13.915139072176753,111.32111257741403,27.807220458984375,0
chromium,145.0.7632.6,True,800,600,0.65,supplementary hard lines,18,257.8834722106521,257.8834722106521,257.8839818918924,13.915139072176753,29.018476137020283,29,0
chromium,145.0.7632.6,True,1280,720,0.5,group,28,393.9218437364871,393.9218437364871,393.91059833155975,13.906269775831253,152.95314360153492,69.51805114746094,0
chromium,145.0.7632.6,True,1280,720,0.5,fill,28,393.9218437364871,393.9218437364871,393.91059833155975,13.906269775831253,361.50008931459763,180.74693298339844,0
chromium,145.0.7632.6,True,1280,720,0.5,Greek tags,28,393.9218437364871,393.9218437364871,393.91059833155975,13.906269775831253,111.25003458217651,27.807220458984375,0
chromium,145.0.7632.6,True,1280,720,0.5,supplementary hard lines,28,393.9218437364871,393.9218437364871,393.91059833155975,13.906269775831253,29.00001443193193,29,0
firefox,146.0.1,False,480,812,0.82,group,7,103.05674071863939,103.05674071863939,103.03417278006982,13.851689621630642,69.32781656931448,69.25,0
firefox,146.0.1,False,480,812,0.82,fill,7,103.05674071863939,180.21076541162068,103.03417278006984,13.851689621630642,180.21076541162068,180.0500030517578,0
firefox,146.0.1,False,480,812,0.82,Greek tags,7,103.05674071863939,103.05674071863939,103.03417278006982,13.851689621630642,27.738063473841923,27.700000762939453,0
firefox,146.0.1,False,480,812,0.82,supplementary hard lines,7,103.05674071863939,103.05674071863939,103.03417278006982,13.851689621630642,28.915456774640028,29,0
firefox,146.0.1,False,800,600,0.65,group,18,257.87726123966746,257.87726123966746,257.88856991198116,13.904926202039247,152.99606288437565,69.25,0
firefox,146.0.1,False,800,600,0.65,fill,18,257.87726123966746,257.87726123966746,257.88856991198116,13.904926202039247,180.82679536145625,180.0500030517578,0
firefox,146.0.1,False,800,600,0.65,Greek tags,18,257.87726123966746,257.87726123966746,257.88856991198116,13.904926202039247,111.2812842782579,27.700000762939453,0
firefox,146.0.1,False,800,600,0.65,supplementary hard lines,18,257.87726123966746,257.87726123966746,257.88856991198116,13.904926202039247,29.019007125196175,29,0
firefox,146.0.1,False,1280,720,0.5,group,28,393.8954056441796,393.8954056441796,393.8974494220313,13.907937593014626,152.90304940253483,69.25,0
firefox,146.0.1,False,1280,720,0.5,fill,28,393.8954056441796,393.8954056441796,393.8974494220313,13.907937593014626,361.3872567085917,180.0500030517578,0
firefox,146.0.1,False,1280,720,0.5,Greek tags,28,393.8954056441796,393.8954056441796,393.8974494220313,13.907937593014626,111.21298553958253,27.700000762939453,0
firefox,146.0.1,False,1280,720,0.5,supplementary hard lines,28,393.8954056441796,393.8954056441796,393.8974494220313,13.907937593014626,28.997396305242233,29,0
firefox,146.0.1,True,480,812,0.82,group,7,103.05674071863939,103.05674071863939,103.03417278006982,13.851689621630642,69.32781656931448,69.25,0
firefox,146.0.1,True,480,812,0.82,fill,7,103.05674071863939,180.21076541162068,103.03417278006984,13.851689621630642,180.21076541162068,180.0500030517578,0
firefox,146.0.1,True,480,812,0.82,Greek tags,7,103.05674071863939,103.05674071863939,103.03417278006982,13.851689621630642,27.738063473841923,27.700000762939453,0
firefox,146.0.1,True,480,812,0.82,supplementary hard lines,7,103.05674071863939,103.05674071863939,103.03417278006982,13.851689621630642,28.915456774640028,29,0
firefox,146.0.1,True,800,600,0.65,group,18,257.87726123966746,257.87726123966746,257.88856991198116,13.904926202039247,152.99606288437565,69.25,0
firefox,146.0.1,True,800,600,0.65,fill,18,257.87726123966746,257.87726123966746,257.88856991198116,13.904926202039247,180.82679536145625,180.0500030517578,0
firefox,146.0.1,True,800,600,0.65,Greek tags,18,257.87726123966746,257.87726123966746,257.88856991198116,13.904926202039247,111.2812842782579,27.700000762939453,0
firefox,146.0.1,True,800,600,0.65,supplementary hard lines,18,257.87726123966746,257.87726123966746,257.88856991198116,13.904926202039247,29.019007125196175,29,0
firefox,146.0.1,True,1280,720,0.5,group,28,393.8954056441796,393.8954056441796,393.8974494220313,13.907937593014626,152.90304940253483,69.25,0
firefox,146.0.1,True,1280,720,0.5,fill,28,393.8954056441796,393.8954056441796,393.8974494220313,13.907937593014626,361.3872567085917,180.0500030517578,0
firefox,146.0.1,True,1280,720,0.5,Greek tags,28,393.8954056441796,393.8954056441796,393.8974494220313,13.907937593014626,111.21298553958253,27.700000762939453,0
firefox,146.0.1,True,1280,720,0.5,supplementary hard lines,28,393.8954056441796,393.8954056441796,393.8974494220313,13.907937593014626,28.997396305242233,29,0
